column,mean,std,skewness,outliers_count,unique_count,unique_pct,value_range
Agent_Age,29.554339425066694,5.760159368759012,-0.013928470230374258,0,20,0.049864120272258096,19.0
Agent_Rating,4.633987384377571,0.3148864803426078,-1.7854660475933282,1060,26,0.06482335635393553,2.5
Store_Latitude,18.90962594734349,5.469988442215414,0.10636234373681035,0,388,0.9673639332818071,20.956913
Store_Longitude,76.91788214288563,3.498062940286625,1.1960089269696508,3108,388,0.9673639332818071,15.664726000000002
Drop_Latitude,18.973257055124787,5.47179567727439,0.10708614345967687,0,4354,10.855418983270587,21.086913000000003
Drop_Longitude,76.9815132496447,3.49826826702491,1.1952458709120037,3108,4354,10.855418983270587,15.784725999999992
Order_Time,17.915066859474596,4.8395147851508185,-1.0477175922230848,395,176,0.4388042583958712,23.916666666666668
Pickup_Time,17.627849526706395,5.35597664162997,-1.2648803061859935,1153,193,0.4811887606272906,23.916666666666668
Delivery_Time,125.08614026777033,51.932193409398096,0.18470451586691772,74,89,0.22189533521154853,260.0
